Date,Open,High,Low,Close,Volume,Change
2022-01-03,79400,79800,78200,78600,13502112,0.00383141762
2022-01-04,78800,79200,78300,78700,12427416,0.00127226463
2022-01-05,78800,79000,76400,77400,25470640,-0.0165184244
2022-01-06,76700,77600,76600,76900,12931954,-0.00645994832
2022-01-07,78100,78400,77400,78300,15163757,0.0182054616
2022-01-10,78100,78100,77100,78000,9947422,-0.00383141762
2022-01-11,78400,79000,78000,78900,13221123,0.0115384615
2022-01-12,79500,79600,78600,78900,11000502,0
2022-01-13,79300,79300,77900,77900,13889401,-0.0126742712
2022-01-14,77700,78100,77100,77300,10096725,-0.00770218228
2022-01-17,77600,77800,76900,77500,8785122,0.00258732212
2022-01-18,77600,77800,76600,77000,9592788,-0.0064516129
2022-01-19,76500,76900,76100,76300,10598290,-0.00909090909
2022-01-20,76200,76700,75900,76500,9708168,0.00262123198
2022-01-21,75800,75800,74700,75600,15774888,-0.0117647059
2022-01-24,75400,75800,74700,75100,13691134,-0.00661375661
2022-01-25,74800,75000,73200,74000,17766704,-0.0146471372
2022-01-26,73900,74400,73100,73300,12976730,-0.00945945946
2022-01-27,73800,74000,71300,71300,22274777,-0.0272851296
2022-01-28,71300,73700,71200,73300,21367447,0.0280504909
2022-02-03,74900,74900,73300,73300,17744721,0
2022-02-04,74300,74600,73400,74000,12730034,0.00954979536
2022-02-07,73500,73600,72400,73000,14240838,-0.0135135135
2022-02-08,73800,74200,73000,73500,11736666,0.00684931507
2022-02-09,74300,74700,74000,74700,9699122,0.0163265306
2022-02-10,75600,75800,74700,75400,17746033,0.0093708166
2022-02-11,75000,75500,74600,74900,12205407,-0.00663129973
2022-02-14,74400,74500,73100,73700,13993255,-0.0160213618
2022-02-15,74100,74200,73100,73700,9320365,0
2022-02-16,74600,74900,74200,74800,10767386,0.0149253731
2022-02-17,75000,75600,74500,75000,13605382,0.00267379679
2022-02-18,74600,74800,73700,74300,10122226,-0.00933333333
2022-02-21,73200,74300,72600,74200,10489717,-0.00134589502
2022-02-22,73000,73400,72800,73400,11692469,-0.0107816712
2022-02-23,73800,73800,72800,73000,10397964,-0.00544959128
2022-02-24,72300,72300,71300,71500,15759283,-0.0205479452
2022-02-25,72100,72600,71900,71900,13168484,0.00559440559
2022-02-28,71100,72100,71000,72100,17781783,0.00278164117
2022-03-02,72300,72400,71500,71700,12481430,-0.00554785021
2022-03-03,72300,73100,72200,72900,13232638,0.0167364017
2022-03-04,72700,72700,71200,71500,13409634,-0.0192043896
2022-03-07,70000,70600,69900,70100,18617138,-0.0195804196
2022-03-08,68800,70000,68700,69500,15828269,-0.00855920114
2022-03-10,70800,71200,70500,71200,21159248,0.0244604317
2022-03-11,70500,70700,69700,70000,15787655,-0.0168539326
2022-03-14,70000,70200,69600,70200,9040993,0.00285714286
2022-03-15,69800,70100,69500,69500,10258562,-0.00997150997
2022-03-16,70200,70500,69700,70400,10175750,0.0129496403
2022-03-17,71200,71800,70900,71200,17646315,0.0113636364
2022-03-18,70600,70900,70200,70700,14410038,-0.00702247191
2022-03-21,70900,71000,69900,69900,11169002,-0.0113154173
2022-03-22,69900,70500,69900,70300,9402666,0.00572246066
2022-03-23,70600,71200,70300,70500,12398025,0.00284495021
2022-03-24,69600,70300,69600,69800,37943357,-0.00992907801
2022-03-25,70100,70200,69600,69800,12986010,0
2022-03-28,69500,69900,69200,69700,12619289,-0.00143266476
2022-03-29,70000,70300,69800,70200,13686208,0.00717360115
2022-03-30,70300,70500,69800,69900,12670187,-0.00427350427
2022-03-31,69900,70200,69600,69600,12510366,-0.00429184549
2022-04-01,69500,69500,69000,69100,15916846,-0.00718390805
2022-04-04,68900,69300,68600,69300,11107905,0.00289435601
2022-04-05,69400,69600,69100,69200,8467248,-0.00144300144
2022-04-06,68600,68800,68500,68500,15517308,-0.0101156069
2022-04-07,68500,68500,68000,68000,20683327,-0.00729927007
2022-04-08,68100,68300,67700,67800,15453191,-0.00294117647
2022-04-11,67800,68100,67400,67900,12263735,0.00147492625
2022-04-12,67600,67700,67000,67000,13924389,-0.0132547865
2022-04-13,67300,69000,67200,68700,17378619,0.0253731343
2022-04-14,68700,68700,67500,67500,16409494,-0.0174672489
2022-04-15,67200,67300,66500,66600,13176415,-0.0133333333
2022-04-18,66500,67100,66100,66700,10119203,0.0015015015
2022-04-19,67100,68000,67000,67300,12959434,0.00899550225
2022-04-20,67000,67400,66500,67400,16693293,0.0014858841
2022-04-21,67600,68300,67500,67700,12847448,0.00445103858
2022-04-22,67200,67300,66700,67000,11791478,-0.0103397341
2022-04-25,66500,66700,66300,66300,11016474,-0.0104477612
2022-04-26,66400,66700,66100,66100,12946923,-0.00301659125
2022-04-27,65400,65500,64900,65000,18122084,-0.0166414523
2022-04-28,65400,65500,64500,64800,16895527,-0.00307692308
2022-04-29,65100,67600,65000,67400,26190390,0.0401234568
2022-05-02,66600,67600,66500,67300,14106184,-0.00148367953
2022-05-03,67400,68400,67300,67500,14168875,0.0029717682
2022-05-04,68000,68400,67500,67900,11505248,0.00592592593
2022-05-06,67000,67100,66500,66500,14356156,-0.0206185567
2022-05-09,66300,66900,66100,66100,11858736,-0.00601503759
2022-05-10,65900,66300,65300,65700,17235605,-0.00605143722
2022-05-11,65500,66300,65200,65700,12330920,0
2022-05-12,65200,65500,64900,64900,16414188,-0.0121765601
2022-05-13,65300,66700,65200,66500,14551536,0.0246533128
2022-05-16,67100,67400,66100,66300,11937555,-0.0030075188
2022-05-17,66600,67900,66600,67600,15680447,0.0196078431
2022-05-18,68300,68700,67600,68100,16486319,0.0073964497
2022-05-19,66500,67600,66500,67500,17073727,-0.00881057269
2022-05-20,67800,68400,67700,68000,12109671,0.00740740741
2022-05-23,68800,68800,67600,67900,13684088,-0.00147058824
2022-05-24,67500,67700,66500,66500,15482576,-0.0206185567
2022-05-25,66700,67100,65900,66400,15150490,-0.0015037594
2022-05-26,66300,67200,65500,65900,15970890,-0.00753012048
2022-05-27,66700,66900,66200,66500,11405555,0.0091047041
2022-05-30,67500,67800,66900,67700,14255484,0.0180451128
2022-05-31,67500,67500,66700,67400,24365002,-0.00443131462
2022-06-02,66600,67000,66400,66700,14959443,-0.0103857567
2022-06-03,67200,67300,66800,66800,8222883,0.00149925037
2022-06-07,66200,66400,65400,65500,19355755,-0.0194610778
2022-06-08,65400,65700,65300,65300,12483180,-0.00305343511
2022-06-09,65100,65200,64500,65200,25790725,-0.00153139357
2022-06-10,64000,64400,63800,63800,22193552,-0.0214723926
2022-06-13,62400,62800,62100,62100,22157816,-0.026645768
2022-06-14,61200,62200,61100,61900,24606419,-0.00322061192
2022-06-15,61300,61500,60200,60700,26811224,-0.0193861066
2022-06-16,61300,61800,60500,60900,23394895,0.00329489292
2022-06-17,59400,59900,59400,59800,29053450,-0.0180623974
2022-06-20,59800,59900,58100,58700,34111306,-0.0183946488
2022-06-21,58700,59200,58200,58500,25148109,-0.00340715503
2022-06-22,59000,59100,57600,57600,23334687,-0.0153846154
2022-06-23,57700,58000,56800,57400,28338608,-0.00347222222
2022-06-24,57900,59100,57700,58400,23256103,0.0174216028
2022-06-27,59000,59900,58300,58800,18122236,0.00684931507
2022-06-28,59200,59500,58700,59400,13540538,0.0102040816
2022-06-29,58500,58800,58000,58000,14677138,-0.0235690236
2022-06-30,57200,57600,57000,57000,18915142,-0.0172413793
2022-07-01,56900,57500,55900,56200,24982097,-0.0140350877
2022-07-04,56100,57400,55700,57100,17807126,0.0160142349
2022-07-05,57600,58200,57200,57200,14216539,0.00175131349
2022-07-06,57300,57300,56400,56400,16820461,-0.013986014
2022-07-07,56400,58700,56300,58200,21322833,0.0319148936
2022-07-08,58600,59300,58200,58700,15339271,0.00859106529
2022-07-11,59300,59600,58700,58800,13042624,0.00170357751
2022-07-12,58600,58700,58100,58100,9336061,-0.0119047619
2022-07-13,58300,58600,58000,58000,10841315,-0.0017211704
2022-07-14,57500,58200,57400,57500,15067012,-0.00862068966
2022-07-15,58400,60000,58100,60000,18685583,0.0434782609
2022-07-18,60600,62000,60500,61900,20832517,0.0316666667
2022-07-19,61400,61500,60200,60900,15248261,-0.0161550889
2022-07-20,61800,62100,60500,60500,16782238,-0.0065681445
2022-07-21,61100,61900,60700,61800,12291374,0.0214876033
2022-07-22,61800,62200,61200,61300,10261310,-0.00809061489
2022-07-25,60900,61900,60800,61100,9193681,-0.00326264274
2022-07-26,60800,61900,60800,61700,6597211,0.00981996727
2022-07-27,61300,61900,61200,61800,7320997,0.00162074554
2022-07-28,62300,62600,61600,61900,10745302,0.00161812298
2022-07-29,62400,62600,61300,61400,15093120,-0.00807754443
2022-08-01,61000,61700,60300,61300,13154816,-0.0016286645
2022-08-02,61200,61900,61000,61700,13614895,0.00652528548
2022-08-03,61600,61600,61000,61300,10053861,-0.00648298217
2022-08-04,61700,61800,61200,61500,9125439,0.00326264274
2022-08-05,61700,61900,61200,61500,9567620,0
2022-08-08,61400,61400,60600,60800,11313150,-0.0113821138
2022-08-09,60600,60700,59600,60000,18251170,-0.0131578947
2022-08-10,58900,59200,58600,59100,18084349,-0.015
2022-08-11,59600,60000,59300,59900,15141941,0.013536379
2022-08-12,59500,60700,59400,60200,10786658,0.00500834725
2022-08-16,60500,61600,60300,61000,15036727,0.0132890365
2022-08-17,61100,61200,60300,60400,9061518,-0.00983606557
2022-08-18,60300,61900,60000,61500,16372754,0.0182119205
2022-08-19,61400,61600,60600,60900,6923679,-0.00975609756
2022-08-22,60300,60400,59800,60000,8259865,-0.0147783251
2022-08-23,59000,59600,59000,59100,9041629,-0.015
2022-08-24,59200,59500,59000,59000,8888486,-0.00169204738
2022-08-25,59200,59700,59000,59700,5767902,0.0118644068
2022-08-26,60300,60900,59900,60000,9499995,0.00502512563
2022-08-29,58700,58900,58600,58600,9841329,-0.0233333333
2022-08-30,58700,59000,58300,58800,9690044,0.00341296928
2022-08-31,58200,59900,58200,59700,14203512,0.0153061224
2022-09-01,58700,58900,58300,58400,14905777,-0.0217755444
2022-09-02,58300,58600,57500,57500,15040310,-0.0154109589
2022-09-05,57400,57800,56800,57100,11425977,-0.00695652174
2022-09-06,57200,57600,56900,57100,7503086,0
2022-09-07,56700,56700,55900,56000,17384854,-0.0192644483
2022-09-08,56200,56400,55600,55600,18000016,-0.00714285714
2022-09-13,57000,58500,56800,58100,17166581,0.0449640288
2022-09-14,56200,57200,56100,56800,12524961,-0.0223752151
2022-09-15,57000,57100,56000,56000,11664819,-0.014084507
2022-09-16,55600,56400,55500,56200,13456503,0.00357142857
2022-09-19,56300,57000,56000,56400,12278653,0.00355871886
2022-09-20,56400,57000,55800,55800,14041465,-0.0106382979
2022-09-21,55400,55500,55000,55300,11863700,-0.00896057348
2022-09-22,54600,54700,54300,54400,12786510,-0.0162748644
2022-09-23,54400,54900,54200,54500,10555964,0.00183823529
2022-09-26,53700,54200,53600,53900,15008449,-0.0110091743
2022-09-27,53800,54200,53500,54200,16631289,0.00556586271
2022-09-28,53900,54400,52500,52900,19991129,-0.0239852399
2022-09-29,53300,53700,52600,52600,13882080,-0.0056710775
2022-09-30,52300,53600,51800,53100,22503249,0.00950570342
2022-10-04,55300,55400,54500,55200,19148435,0.0395480226
2022-10-05,56900,57200,55400,56000,22458970,0.0144927536
2022-10-06,56700,57300,56300,56300,14944446,0.00535714286
2022-10-07,55900,56900,55200,56200,16886813,-0.00177619893
2022-10-11,54400,55700,54000,55400,21437877,-0.0142348754
2022-10-12,55700,57000,55200,55800,18408910,0.00722021661
2022-10-13,55400,56100,55200,55200,13784602,-0.0107526882
2022-10-14,56200,56500,55800,56300,12924326,0.0199275362
2022-10-17,55800,57000,55700,56600,13641878,0.0053285968
2022-10-18,56700,57100,55800,56500,14820702,-0.00176678445
2022-10-19,56700,56900,55700,55800,12660652,-0.0123893805
2022-10-20,55200,56000,55100,55500,17107653,-0.00537634409
2022-10-21,55100,56300,55100,55900,11456060,0.00720720721
2022-10-24,57000,57500,56700,57500,16944503,0.0286225403
2022-10-25,57000,58600,57000,57700,17405678,0.00347826087
2022-10-26,58000,59600,57700,59400,20824967,0.0294627383
2022-10-27,59700,60100,58900,59500,21756712,0.00168350168
2022-10-28,58900,59200,57200,57300,20924937,-0.0369747899
2022-10-31,58100,59900,58000,59400,18999514,0.0366492147
2022-11-01,59900,60300,59500,60000,17201647,0.0101010101
2022-11-02,59700,60000,59300,59600,13202919,-0.00666666667
2022-11-03,58600,59800,58100,59200,17492162,-0.0067114094
2022-11-04,59100,59500,58400,59400,12445841,0.00337837838
2022-11-07,59700,60300,59400,60200,12437246,0.0134680135
2022-11-08,60500,61900,60500,61800,18273898,0.0265780731
2022-11-09,62000,62200,61300,62000,14045592,0.00323624595
2022-11-10,61400,61500,60400,60400,21087633,-0.0258064516
2022-11-11,63100,63200,62300,62900,20037163,0.0413907285
2022-11-14,62900,62900,61700,61900,15973416,-0.0158982512
2022-11-15,62200,62500,61600,62400,12310986,0.00807754443
2022-11-16,62400,62700,61700,62700,12909260,0.00480769231
2022-11-17,62000,62000,61300,61400,13298296,-0.0207336523
2022-11-18,61800,62400,61400,61800,12236503,0.00651465798
2022-11-21,61400,61800,60800,61400,9378097,-0.00647249191
2022-11-22,60900,61200,60300,60600,9411289,-0.013029316
2022-11-23,61200,61300,60700,61000,8765050,0.00660066007
2022-11-24,61200,61700,60900,61400,8125010,0.00655737705
2022-11-25,61400,61700,60800,61000,6677933,-0.00651465798
2022-11-28,60500,60500,59800,60100,8589032,-0.0147540984
2022-11-29,59900,60600,59800,60600,7014160,0.00831946755
2022-11-30,60400,62200,60200,62200,19768903,0.0264026403
2022-12-01,63100,63200,62300,62600,16631445,0.00643086817
2022-12-02,62500,62500,60400,60400,15331184,-0.03514377
2022-12-05,60900,61100,60000,60300,13767787,-0.00165562914
2022-12-06,59800,60100,59200,59200,13888300,-0.0182421227
2022-12-07,58800,59600,58500,58900,12100662,-0.00506756757
2022-12-08,58700,59200,58600,59200,12986815,0.00509337861
2022-12-09,59300,60600,59300,60400,10529632,0.0202702703
2022-12-12,59900,60000,59400,59500,9036472,-0.0149006623
2022-12-13,59600,60300,59400,59700,9040873,0.00336134454
2022-12-14,59800,60600,59800,60500,8207485,0.013400335
2022-12-15,59800,60200,59300,59300,8716039,-0.0198347107
2022-12-16,58300,59500,58300,59500,13033596,0.00337268128
2022-12-19,59500,59900,59100,59500,7696187,0
2022-12-20,59000,59100,58500,58600,9284761,-0.0151260504
2022-12-21,58700,59100,58000,58000,10356971,-0.0102389078
2022-12-22,58100,59100,58100,59100,10720630,0.0189655172
2022-12-23,58200,58400,57700,58100,9829407,-0.0169204738
2022-12-26,58000,58100,57700,57900,6756411,-0.00344234079
2022-12-27,58000,58400,57900,58100,10667027,0.00345423143
2022-12-28,57600,57600,56400,56600,14665410,-0.0258175559
2022-12-29,56000,56200,55300,55300,11295935,-0.0229681979
2023-01-02,55500,56100,55200,55500,10031448,0.00361663653
2023-01-03,55400,56000,54500,55400,13547030,-0.0018018018
2023-01-04,55700,58000,55600,57800,20188071,0.0433212996
2023-01-05,58200,58800,57600,58200,15682826,0.00692041522
2023-01-06,58300,59400,57900,59000,17334989,0.0137457045
2023-01-09,59700,60700,59600,60700,18640107,0.0288135593
2023-01-10,60200,61100,59900,60400,14859797,-0.00494233937
2023-01-11,61000,61200,60300,60500,12310751,0.00165562914
2023-01-12,61100,61200,59900,60500,16102561,0
2023-01-13,60500,61200,60400,60800,12510328,0.00495867769
2023-01-16,61300,61600,60800,61100,10039972,0.00493421053
2023-01-17,61200,61500,60600,61000,9831456,-0.00163666121
2023-01-18,60700,61000,59900,60400,11584041,-0.00983606557
2023-01-19,60500,61500,60400,61500,12808490,0.0182119205
2023-01-20,62100,62300,61100,61800,9646327,0.00487804878
2023-01-25,63500,63700,63000,63400,16822710,0.0258899676
2023-01-26,63800,63900,63300,63900,13278277,0.00788643533
2023-01-27,64400,65000,63900,64600,18760182,0.0109546166
2023-01-30,64900,64900,63100,63300,20995234,-0.020123839
2023-01-31,63500,63700,61000,61000,29746731,-0.0363349131
2023-02-01,62600,62700,61000,61800,18570133,0.0131147541
2023-02-02,63200,63900,62600,63500,23285983,0.0275080906
2023-02-03,63900,64000,63000,63800,15194598,0.00472440945
2023-02-06,62800,63000,61600,61600,15529356,-0.0344827586
2023-02-07,61900,62500,61600,61900,14491039,0.00487012987
2023-02-08,62800,63300,62400,63100,12243125,0.0193861066
2023-02-09,63000,63300,62300,63000,12164865,-0.00158478605
2023-02-10,62600,63000,62400,62800,9382576,-0.00317460317
2023-02-13,62900,63000,62300,62900,10730362,0.00159235669
2023-02-14,63600,63900,63200,63200,9126664,0.00476947536
2023-02-15,63900,63900,62000,62200,13208103,-0.0158227848
2023-02-16,62500,63700,62400,63700,13798831,0.0241157556
2023-02-17,62900,63300,62400,62600,10791265,-0.0172684458
2023-02-20,62900,63000,61800,62700,12908073,0.00159744409
2023-02-21,62700,62800,62000,62100,7665046,-0.00956937799
2023-02-22,61500,61800,61000,61100,11959088,-0.0161030596
2023-02-23,61700,62500,61500,62000,13047099,0.0147299509
2023-02-24,62300,62600,61300,61300,10308143,-0.0112903226
2023-02-27,60800,60800,60200,60500,11155697,-0.013050571
2023-02-28,60800,61400,60500,60600,13715861,0.00165289256
2023-03-02,60900,61800,60500,60800,13095682,0.00330033003
2023-03-03,61000,61200,60500,60500,10711405,-0.00493421053
2023-03-06,61100,61600,60800,61500,13630602,0.0165289256
2023-03-07,61400,61400,60700,60700,11473280,-0.0130081301
2023-03-08,60100,60500,59900,60300,14161857,-0.00658978583
2023-03-09,60500,60800,59900,60100,14334499,-0.00331674959
2023-03-10,59500,59700,59100,59500,11902471,-0.00998336106
2023-03-13,59900,60200,59300,60000,12779724,0.00840336134
2023-03-14,59400,59500,59000,59000,12147346,-0.0166666667
2023-03-15,60000,60300,59600,59800,10482149,0.013559322
2023-03-16,59200,60200,59100,59900,10611939,0.0016722408
2023-03-17,60800,61300,60600,61300,14090110,0.0233722871
2023-03-20,61100,61200,60200,60200,9618009,-0.0179445351
2023-03-21,60500,60700,60100,60300,8318514,0.00166112957
2023-03-22,61000,61200,60500,61100,8978591,0.0132669983
2023-03-23,60600,62300,60600,62300,15381057,0.0196399345
2023-03-24,62700,63300,62300,63000,18278602,0.0112359551
2023-03-27,62600,62800,62000,62100,11039331,-0.0142857143
2023-03-28,62400,62900,62100,62900,11614118,0.0128824477
2023-03-29,62500,62700,62200,62700,11216008,-0.00317965024
2023-03-30,63700,63700,63100,63200,15684377,0.00797448166
2023-03-31,64000,64000,63700,64000,14094479,0.0126582278
2023-04-03,64000,64000,63000,63100,11973133,-0.0140625
2023-04-04,63400,63800,62800,63600,11120514,0.00792393027
2023-04-05,63700,64000,63400,63900,9176149,0.00471698113
2023-04-06,63500,63600,62300,62300,14992747,-0.0250391236
2023-04-07,63800,65200,63800,65000,27476120,0.0433386838
2023-04-10,64800,66300,64700,65700,18777166,0.0107692308
2023-04-11,66200,66200,65400,65900,16323183,0.00304414003
2023-04-12,65800,66200,65300,66000,15021313,0.00151745068
2023-04-13,65600,66100,65400,66100,15091022,0.00151515152
2023-04-14,66600,66600,65000,65100,16176490,-0.015128593
2023-04-17,65000,65600,64700,65300,13486618,0.00307219662
2023-04-18,65900,66000,64800,65600,14802060,0.0045941807
2023-04-19,65500,65800,65300,65500,10255985,-0.00152439024
2023-04-20,65100,65300,64600,65300,9501169,-0.00305343511
2023-04-21,65800,65900,65400,65700,10538622,0.00612557427
2023-04-24,65300,65700,64800,65200,12986581,-0.00761035008
2023-04-25,65300,65400,63400,63600,16193271,-0.0245398773
2023-04-26,63600,64300,63300,64100,12664541,0.00786163522
2023-04-27,64100,65000,63300,64600,14779601,0.00780031201
2023-04-28,65200,65900,65000,65500,19699481,0.0139318885
2023-05-02,66000,66300,65100,65700,14396948,0.00305343511
2023-05-03,65100,65600,64900,65400,8876749,-0.00456621005
2023-05-04,65600,65700,64700,65100,9791064,-0.00458715596
2023-05-08,66300,66300,65400,65900,9405365,0.0122887865
2023-05-09,65800,65800,65100,65300,9366861,-0.0091047041
2023-05-10,65500,65500,64300,64600,13057727,-0.010719755
2023-05-11,64700,65100,64200,64200,11648905,-0.00619195046
2023-05-12,63700,64600,63600,64100,8693913,-0.0015576324
2023-05-15,64100,64600,63900,64500,8172021,0.00624024961
2023-05-16,65800,65900,65300,65400,12334657,0.0139534884
2023-05-17,65900,65900,64800,65000,10745504,-0.00611620795
2023-05-18,66000,66200,65700,66200,14431704,0.0184615385
2023-05-19,67800,68400,67500,68400,20349345,0.0332326284
2023-05-22,68400,69000,68000,68500,14470308,0.0014619883
2023-05-23,68500,68700,68100,68400,8561643,-0.00145985401
2023-05-24,68100,68700,68000,68500,8192896,0.0014619883
2023-05-25,69900,70000,68700,68800,14231160,0.00437956204
2023-05-26,69800,70400,69500,70300,19549511,0.0218023256
2023-05-30,71300,72300,71200,72300,27476897,0.0284495021
2023-05-31,72400,72500,71000,71400,25666087,-0.0124481328
2023-06-01,70900,71600,70600,70900,14669296,-0.00700280112
2023-06-02,71700,72200,71600,72200,12161798,0.0183356841
2023-06-05,72700,72700,71400,71700,12686829,-0.00692520776
2023-06-07,71300,71600,70800,71000,14796613,-0.00976290098
2023-06-08,70400,70900,70000,70900,19165568,-0.0014084507
2023-06-09,71100,72300,70800,72000,15050209,0.0155148096
2023-06-12,72100,72400,70800,71000,12064287,-0.0138888889
2023-06-13,71700,72200,71600,72000,13227285,0.014084507
2023-06-14,72100,72200,71100,71900,12541046,-0.00138888889
2023-06-15,72100,72300,71300,71500,13614994,-0.00556328234
2023-06-16,71800,71900,70900,71800,15373696,0.0041958042
2023-06-19,71300,71700,70900,71200,11100887,-0.00835654596
2023-06-20,70700,71400,70400,71400,11557883,0.00280898876
2023-06-21,70700,71200,70400,70500,10626603,-0.012605042
2023-06-22,70200,71500,70100,71300,11411007,0.0113475177
2023-06-23,72000,72200,71600,71600,12329484,0.00420757363
2023-06-26,71700,72500,71500,72400,10541901,0.0111731844
2023-06-27,72500,72600,72000,72600,9442997,0.00276243094
2023-06-28,72600,72700,72000,72700,8783093,0.00137741047
2023-06-29,73100,73400,72400,72400,12229967,-0.00412654746
2023-06-30,72500,72700,71700,72200,11694765,-0.00276243094
2023-07-03,72700,73200,72600,73000,10722181,0.0110803324
2023-07-04,73400,73600,72900,73000,10214350,0
2023-07-05,73000,73300,71900,72000,12310610,-0.0136986301
2023-07-06,71900,72400,71500,71600,14777667,-0.00555555556
2023-07-07,71100,71400,69800,69900,17308877,-0.0237430168
2023-07-10,70000,70400,69200,69500,11713926,-0.00572246066
2023-07-11,70200,71500,70100,71500,12177392,0.0287769784
2023-07-12,71200,72000,71100,71900,10375581,0.00559440559
2023-07-13,72400,72600,71900,71900,14417279,0
2023-07-14,72500,73400,72400,73400,15882519,0.0208623088
2023-07-17,73200,73500,72800,73300,10060049,-0.00136239782
2023-07-18,73200,73500,72000,72000,11697900,-0.0177353342
2023-07-19,72700,72800,71300,71700,10896412,-0.00416666667
2023-07-20,71100,71500,70800,71000,9732730,-0.00976290098
2023-07-21,70400,70400,69400,70300,16528926,-0.00985915493
2023-07-24,70100,70900,69900,70400,13418597,0.00142247511
2023-07-25,70000,70500,69800,70000,14314945,-0.00568181818
2023-07-26,69800,70600,68100,69800,30016221,-0.00285714286
2023-07-27,69900,71700,69300,71700,24261179,0.0272206304
2023-07-28,71800,72400,70100,70600,19420683,-0.0153417015
2023-07-31,70900,71000,69800,69800,13035420,-0.0113314448
2023-08-01,70100,71200,70000,71100,12299254,0.0186246418
2023-08-02,70700,71000,69800,69900,13835020,-0.0168776371
2023-08-03,69900,70200,68500,68800,20087090,-0.0157367668
2023-08-04,68800,69100,68200,68300,12360193,-0.00726744186
2023-08-07,67700,69200,67600,68500,10968505,0.00292825769
2023-08-08,69000,69100,67400,67600,14664709,-0.0131386861
2023-08-09,68000,69600,67900,68900,17259673,0.0192307692
2023-08-10,68300,68500,67800,68000,10227311,-0.0130624093
2023-08-11,68400,68800,67500,67500,9781038,-0.00735294118
2023-08-14,67500,67900,66900,67300,9352343,-0.00296296296
2023-08-16,66700,67100,66300,67000,13174578,-0.0044576523
2023-08-17,66300,66800,66000,66700,10778652,-0.00447761194
2023-08-18,66000,66700,65800,66300,11745006,-0.0059970015
2023-08-21,66600,67100,66300,66600,9720067,0.00452488688
2023-08-22,67200,67700,66300,66600,10500242,0
2023-08-23,66700,67100,66400,67100,9549352,0.00750750751
2023-08-24,68300,68700,67900,68200,15044463,0.0163934426
2023-08-25,67100,67400,66900,67100,7032462,-0.0161290323
2023-08-28,66800,67000,66500,66800,5824628,-0.0044709389
2023-08-29,66900,67200,66600,66800,9114352,0
2023-08-30,67300,67700,67100,67100,9181223,0.00449101796
2023-08-31,67100,67200,66400,66900,15964630,-0.00298062593
2023-09-01,66800,71000,66700,71000,29738235,0.0612855007
2023-09-04,72900,72900,70700,71200,26286495,0.00281690141
2023-09-05,70900,71500,70200,70700,12330239,-0.00702247191
2023-09-06,70700,70800,69700,70000,11414620,-0.0099009901
2023-09-07,70000,70600,69600,70400,13741241,0.00571428571
2023-09-08,70200,70300,69600,70300,10688118,-0.00142045455
2023-09-11,70400,70800,70000,70800,11785462,0.00711237553
2023-09-12,70800,71000,70400,70500,11688599,-0.00423728814
2023-09-13,71100,71600,70300,70900,15955797,0.00567375887
2023-09-14,71200,71800,70800,71700,21041407,0.0112834979
2023-09-15,71700,72300,71400,72000,17823512,0.00418410042
2023-09-18,71300,71700,70200,70200,16040727,-0.025
2023-09-19,70400,70800,69600,69800,11820188,-0.0056980057
2023-09-20,70000,70300,69500,69600,10873015,-0.00286532951
2023-09-21,69200,69800,68800,68900,10796336,-0.0100574713
2023-09-22,68300,68900,68300,68800,9897840,-0.00145137881
2023-09-25,68500,69700,68500,69400,13582516,0.00872093023
2023-09-26,70000,70000,68400,68600,13143470,-0.0115273775
2023-09-27,68600,69100,68200,68400,14886491,-0.0029154519
2023-10-04,67400,67700,66700,67500,23361149,-0.0131578947
2023-10-05,67300,67400,66700,66700,16108313,-0.0118518519
2023-10-06,67100,67300,66000,66000,14386527,-0.0104947526
2023-10-10,66200,67600,66200,66400,19889202,0.00606060606
2023-10-11,68600,69400,67900,68200,25209349,0.0271084337
2023-10-12,68600,69700,68200,68900,19311380,0.0102639296
2023-10-13,68000,68500,67700,68000,9724086,-0.0130624093
2023-10-16,67900,68500,66800,67300,12599299,-0.0102941176
2023-10-17,67700,69900,67400,69400,17299253,0.0312035661
2023-10-18,68900,70500,68800,70500,16493184,0.0158501441
2023-10-19,69700,70000,69400,69500,13985012,-0.0141843972
2023-10-20,68900,69200,68100,68800,15204495,-0.0100719424
2023-10-23,68700,69100,68200,68400,11625959,-0.00581395349
2023-10-24,68700,68800,67700,68500,12791710,0.0014619883
2023-10-25,68800,68800,67900,68000,10610703,-0.00729927007
2023-10-26,67000,67900,66700,66700,15517624,-0.0191176471
2023-10-27,67100,67300,66700,67300,11334726,0.00899550225
2023-10-30,66800,67800,66700,67300,10139270,0
2023-10-31,67600,68300,66900,66900,14488892,-0.0059435364
2023-11-01,67500,68900,67300,68600,13775256,0.0254110613
2023-11-02,70000,70000,69400,69700,16350031,0.0160349854
2023-11-03,69700,70200,69500,69600,10322234,-0.00143472023
2023-11-06,69800,70900,69300,70900,22228489,0.0186781609
2023-11-07,70600,70900,70000,70900,17228731,0
2023-11-08,71300,71400,69700,69900,12901310,-0.0141043724
2023-11-09,69900,70800,69600,70300,12301373,0.00572246066
2023-11-10,70000,70500,69500,70500,9684347,0.00284495021
2023-11-13,71300,71300,70300,70400,9246919,-0.00141843972
2023-11-14,71000,71100,70600,70800,9567984,0.00568181818
2023-11-15,71600,72200,71500,72200,20148677,0.0197740113
2023-11-16,72500,73000,72300,72800,15860451,0.00831024931
2023-11-17,72300,73000,72300,72500,11494644,-0.00412087912
2023-11-20,72100,73000,72100,72700,10610157,0.00275862069
2023-11-21,73100,73400,72700,72800,9712881,0.00137551582
2023-11-22,72200,73000,71900,72800,11105143,0
2023-11-23,73000,73200,72200,72400,6775614,-0.00549450549
2023-11-24,72400,72600,71700,71700,6676685,-0.00966850829
2023-11-27,71500,72100,71100,71300,9113857,-0.00557880056
2023-11-28,71400,72700,71300,72700,13283081,0.0196353436
2023-11-29,72400,72800,72200,72700,9283933,0
2023-11-30,72700,72800,72200,72800,15783714,0.00137551582
2023-12-01,72400,72500,71700,72000,9871284,-0.010989011
2023-12-04,72800,72900,72400,72600,10229267,0.00833333333
2023-12-05,72300,72400,71200,71200,12129682,-0.0192837466
2023-12-06,71800,72100,71600,71700,8123087,0.00702247191
2023-12-07,71800,71900,71100,71500,8862017,-0.00278940028
2023-12-08,72100,72800,71900,72600,10859463,0.0153846154
2023-12-11,72800,73000,72200,73000,9861960,0.00550964187
2023-12-12,73300,73500,73100,73500,13758646,0.00684931507
2023-12-13,73300,73500,72800,72800,13116766,-0.00952380952
2023-12-14,74100,74300,72500,73100,27567593,0.00412087912
2023-12-15,73800,74000,73200,73300,15419815,0.00273597811
2023-12-18,73300,73400,72800,72900,9690551,-0.00545702592
2023-12-19,73000,73400,72800,73400,8907632,0.00685871056
2023-12-20,74200,74900,73800,74800,16870156,0.0190735695
2023-12-21,74600,75000,74300,75000,13478766,0.00267379679
2023-12-22,75800,76300,75400,75900,14515608,0.012
2023-12-26,76100,76700,75700,76600,13164909,0.0092226614
2023-12-27,76700,78000,76500,78000,20651042,0.0182767624
2023-12-28,77700,78500,77500,78500,17797536,0.00641025641
2024-01-02,78200,79800,78200,79600,17142847,0.0140127389
2024-01-03,78500,78800,77000,77000,21753644,-0.0326633166
2024-01-04,76100,77300,76100,76600,15324439,-0.00519480519
2024-01-05,76700,77100,76400,76600,11304316,0
2024-01-08,77000,77500,76400,76500,11088724,-0.00130548303
2024-01-09,77400,77700,74300,74700,26019249,-0.0235294118
2024-01-10,75000,75200,73200,73600,20259529,-0.0147255689
2024-01-11,72900,73600,72700,73200,57691266,-0.00543478261
2024-01-12,73000,74100,72800,73100,13038939,-0.00136612022
2024-01-15,73200,74000,73200,73900,13212339,0.0109439124
2024-01-16,73500,73700,72500,72600,14760415,-0.0175913396
2024-01-17,73100,73300,71000,71000,22683660,-0.0220385675
2024-01-18,71600,72000,70700,71700,17853397,0.00985915493
2024-01-19,73500,74700,73000,74700,23363427,0.0418410042
2024-01-22,75900,76000,75000,75100,19673375,0.00535475234
2024-01-23,75700,75800,74300,75200,14786224,0.00133155792
2024-01-24,75200,75200,73500,74000,12860661,-0.0159574468
2024-01-25,74200,74800,73700,74100,11737747,0.00135135135
2024-01-26,73700,74500,73300,73400,11160062,-0.00944669366
2024-01-29,73800,75200,73500,74400,13976521,0.0136239782
2024-01-30,75000,75300,73700,74300,12244418,-0.00134408602
2024-01-31,73400,74000,72500,72700,15703560,-0.0215343203
2024-02-01,73000,74200,72900,73600,19881033,0.0123796424
2024-02-02,74000,75200,73700,75200,14955881,0.0217391304
2024-02-05,74200,74800,73500,74300,19026021,-0.0119680851
2024-02-06,74300,74700,73300,74400,14559254,0.00134589502
2024-02-07,74600,75500,74300,75000,16566445,0.00806451613
2024-02-08,75000,75200,73600,74100,20810708,-0.012
2024-02-13,74800,75200,74400,75200,21966745,0.0148448043
2024-02-14,73700,74300,73700,74000,12434945,-0.0159574468
2024-02-15,74200,74400,73000,73000,14120600,-0.0135135135
2024-02-16,73300,73400,72500,72800,13444781,-0.00273972603
2024-02-19,72800,73900,72800,73800,12726404,0.0137362637
2024-02-20,73700,73700,72800,73300,14681477,-0.00677506775
2024-02-21,73400,73700,72900,73000,11503495,-0.00409276944
2024-02-22,73800,73900,72700,73100,15208934,0.00136986301
2024-02-23,73600,74200,72900,72900,16225166,-0.00273597811
2024-02-26,72300,73200,72200,72800,14669352,-0.00137174211
2024-02-27,73100,73400,72700,72900,13201981,0.00137362637
2024-02-28,72900,73900,72800,73200,11795859,0.00411522634
2024-02-29,72600,73400,72000,73400,21176403,0.00273224044
2024-03-04,74300,75000,74000,74900,23210474,0.0204359673
2024-03-05,74600,74800,73700,73700,19505125,-0.0160213618
2024-03-06,73200,73500,72700,72900,21547905,-0.0108548168
2024-03-07,73100,73300,72200,72200,14516963,-0.00960219479
2024-03-08,72800,73400,72600,73300,19271349,0.0152354571
2024-03-11,72900,73100,72300,72400,9740504,-0.0122783083
2024-03-12,72600,73500,72100,73300,13011654,0.0124309392
2024-03-13,73700,74100,73500,74100,15243134,0.0109140518
2024-03-14,74400,74500,73600,74300,22545539,0.00269905533
2024-03-15,73400,73700,72300,72300,22580555,-0.0269179004
2024-03-18,72600,73000,72500,72800,11520348,0.00691562932
2024-03-19,72300,73000,71700,72800,15376066,0
2024-03-20,73700,77200,73400,76900,50106297,0.0563186813
2024-03-21,79200,79300,77700,79300,44569799,0.0312093628
2024-03-22,79600,79900,77800,78900,26724761,-0.00504413619
2024-03-25,79600,79800,77800,78200,18703996,-0.00887198986
2024-03-26,79700,80100,79200,79900,30551494,0.0217391304
2024-03-27,79200,80000,79200,79800,17424595,-0.00125156446
2024-03-28,79400,81000,79200,80800,25084812,0.0125313283
2024-03-29,81200,82500,80900,82400,27126366,0.0198019802
2024-04-01,83200,83300,82000,82000,20116513,-0.00485436893
2024-04-02,82900,85000,82900,85000,37077944,0.0365853659
2024-04-03,84300,85000,83500,84100,30493347,-0.0105882353
2024-04-04,85200,85500,84300,85300,25248934,0.0142687277
2024-04-05,84500,85000,83800,84500,18883752,-0.00937866354
2024-04-08,85200,86000,84500,84500,18953232,0
2024-04-09,84500,84900,83100,83600,23725956,-0.0106508876
2024-04-11,83200,84700,82500,84100,25538009,0.00598086124
2024-04-12,84700,84900,83200,83700,17061770,-0.00475624257
2024-04-15,82900,83200,81200,82200,26663772,-0.017921147
2024-04-16,81200,81300,79400,80000,31949845,-0.0267639903
2024-04-17,80700,80800,78900,78900,22611631,-0.01375
2024-04-18,78800,80100,78300,79600,21370190,0.00887198986
2024-04-19,78300,78700,76300,77600,31317563,-0.0251256281
2024-04-22,77400,77500,75100,76100,30469477,-0.0193298969
2024-04-23,76400,76800,75500,75500,18717699,-0.00788436268
2024-04-24,77500,78800,77200,78600,22166150,0.0410596026
2024-04-25,77300,77500,76300,76300,15549134,-0.0292620865
2024-04-26,77800,77900,76500,76700,12755629,0.00524246396
2024-04-29,77400,77600,76200,76700,14664474,0
2024-04-30,77000,78500,76600,77500,19007007,0.0104302477
2024-05-02,77600,78600,77300,78000,18900640,0.0064516129
2024-05-03,79000,79000,77500,77600,13151889,-0.00512820513
2024-05-07,79600,81300,79400,81300,26238868,0.0476804124
2024-05-08,80800,81400,80500,81300,13089576,0
2024-05-09,81100,81500,79700,79700,18759935,-0.0196801968
2024-05-10,80400,81100,78900,79200,16976124,-0.00627352572
2024-05-13,79400,79900,77600,78400,18652344,-0.0101010101
2024-05-14,78600,78800,77900,78300,11763992,-0.0012755102
2024-05-16,80200,80300,78100,78200,20989778,-0.00127713921
2024-05-17,78600,78800,77200,77400,15918201,-0.010230179
2024-05-20,78100,79100,77900,78900,19456783,0.019379845
2024-05-21,78500,79000,78200,78400,13690583,-0.00633713561
2024-05-22,78100,78700,77300,77700,19521506,-0.00892857143
2024-05-23,77700,79100,77100,78300,18728087,0.00772200772
2024-05-24,76800,77000,75700,75900,27891278,-0.030651341
2024-05-27,75300,78200,74000,77200,43825202,0.0171277997
2024-05-28,76500,78000,76200,77600,18539072,0.00518134715
2024-05-29,77700,78200,75200,75200,30244875,-0.0309278351
2024-05-30,74800,75200,73500,73500,28551273,-0.022606383
2024-05-31,74500,74700,73500,73500,26198776,0
2024-06-03,74400,76400,74200,75700,15706268,0.0299319728
2024-06-04,74900,76100,74900,75300,14098053,-0.00528401585
2024-06-05,78000,78000,76800,77400,23177968,0.0278884462
2024-06-07,78400,78600,77100,77300,21189349,-0.00129198966
2024-06-10,76100,76600,75600,75700,14598755,-0.020698577
2024-06-11,75900,76000,75100,75200,16971175,-0.00660501982
2024-06-12,75300,77100,75200,76500,19246725,0.017287234
2024-06-13,78400,79000,77800,78600,33763804,0.0274509804
2024-06-14,79700,80500,79000,79600,22926612,0.0127226463
2024-06-17,79200,79500,78000,78100,16123051,-0.0188442211
2024-06-18,78700,80200,78600,79800,18207598,0.0217669654
2024-06-19,81100,82500,80500,81200,24168863,0.0175438596
2024-06-20,81500,82200,81200,81600,20288913,0.00492610837
2024-06-21,80700,80800,80000,80000,17907523,-0.0196078431
2024-06-24,79700,80900,79500,80600,15454227,0.0075
2024-06-25,80600,81800,80100,80800,19088458,0.00248138958
2024-06-26,80100,81400,79900,81300,17783242,0.00618811881
2024-06-27,81300,81600,80500,81600,11739720,0.0036900369
2024-06-28,81900,81900,80800,81500,9455929,-0.0012254902
2024-07-01,81500,82100,81300,81800,11317202,0.0036809816
2024-07-02,82500,82600,81500,81800,14471904,0
2024-07-03,82300,82300,81000,81800,11440328,0
2024-07-04,82900,84700,82400,84600,43857229,0.0342298289
2024-07-05,85600,87100,85200,87100,45791193,0.0295508274
2024-07-08,87900,88600,86900,87400,24035809,0.00344431688
2024-07-09,87800,88200,86900,87800,21336201,0.00457665904
2024-07-10,87600,88000,87100,87800,17813847,0
2024-07-11,88500,88800,86700,87600,24677608,-0.00227790433
2024-07-12,85900,86100,84100,84400,26344386,-0.0365296804
2024-07-15,84700,87300,84100,86700,25193080,0.0272511848
2024-07-16,86900,88000,86700,87700,16166688,0.0115340254
2024-07-17,87100,88000,86400,86700,18186490,-0.0114025086
2024-07-18,83800,86900,83800,86900,24721790,0.00230680507
2024-07-19,85600,86100,84100,84400,18569122,-0.0287686997
2024-07-22,84400,84900,82600,83000,18987560,-0.0165876777
2024-07-23,84200,84700,83400,83900,15766389,0.0108433735
2024-07-24,82900,83300,81900,82000,16939083,-0.0226460072
2024-07-25,80400,81000,80100,80400,20323811,-0.0195121951
2024-07-26,80700,81300,80400,80900,14508334,0.00621890547
2024-07-29,81600,82000,81100,81200,12797136,0.00370828183
2024-07-30,80400,81000,80000,81000,13169636,-0.00246305419
2024-07-31,81200,83900,80900,83900,20744323,0.0358024691
2024-08-01,86000,86100,83100,83100,20900338,-0.00953516091
2024-08-02,81000,81400,79500,79600,25800275,-0.0421179302
2024-08-05,76700,76900,70200,71400,54608790,-0.103015075
2024-08-06,74900,75300,72300,72500,47295226,0.0154061625
2024-08-07,73000,76000,72800,74700,32710428,0.0303448276
2024-08-08,73200,73900,72500,73400,28414729,-0.0174029451
2024-08-09,75700,75800,74200,74700,16388222,0.0177111717
2024-08-12,75200,75900,74800,75500,9839259,0.0107095047
2024-08-13,76500,76600,75500,76100,10716261,0.00794701987
2024-08-14,77400,77800,77000,77200,13246168,0.0144546649
2024-08-16,79400,80200,78700,80200,22061478,0.0388601036
2024-08-19,80100,80100,78000,78300,14146565,-0.0236907731
2024-08-20,79500,79800,78700,78900,10683836,0.00766283525
2024-08-21,77900,78600,77800,78300,7805598,-0.00760456274
2024-08-22,78700,78900,77800,78300,8149101,0
2024-08-23,77700,78400,77500,77700,9420306,-0.00766283525
2024-08-26,78100,78200,76000,76100,15655938,-0.0205920206
2024-08-27,75700,76500,75600,75800,11130145,-0.00394218134
2024-08-28,75800,76400,75400,76400,9794514,0.00791556728
2024-08-29,73600,74700,73500,74000,16884479,-0.0314136126
2024-08-30,74400,75000,74100,74300,16358520,0.00405405405
2024-09-02,74500,74700,73500,74400,12641376,0.00134589502
2024-09-03,74100,74300,72500,72500,16314599,-0.0255376344
2024-09-04,69800,71100,69800,70000,27366563,-0.0344827586
2024-09-05,70100,71200,69000,69000,25686769,-0.0142857143
2024-09-06,69100,69700,68000,68900,19022299,-0.00144927536
2024-09-09,66900,68200,66600,67500,23263298,-0.0203193033
2024-09-10,67000,67300,66000,66200,30651376,-0.0192592593
2024-09-11,65100,65500,64200,64900,35809707,-0.0196374622
2024-09-12,66000,66600,65200,66300,35884106,0.0215716487
2024-09-13,65000,65500,64300,64400,25045135,-0.0286576169
2024-09-19,64000,64400,62200,63100,49402713,-0.0201863354
2024-09-20,63800,64700,63000,63000,32746056,-0.00158478605
2024-09-23,62300,63500,62200,62600,28542376,-0.00634920635
2024-09-24,62800,63400,62400,63200,26957500,0.00958466454
2024-09-25,63800,64200,62200,62200,28652438,-0.0158227848
2024-09-26,63900,64900,63700,64700,37566015,0.040192926
2024-09-27,64700,65400,64200,64200,28433030,-0.00772797527
2024-09-30,64200,64300,61500,61500,32694163,-0.0420560748
2024-10-02,60500,61900,59900,61300,28473536,-0.00325203252
2024-10-04,61000,61700,60500,60600,24247578,-0.0114192496
2024-10-07,60200,61900,59500,61000,35066533,0.00660066007
2024-10-08,60000,61000,59900,60300,27411786,-0.0114754098
2024-10-10,60100,60200,58900,58900,45262214,-0.0232172471
2024-10-11,59100,60100,59000,59300,29623969,0.00679117148
2024-10-14,59500,61200,59400,60800,20886249,0.0252951096
2024-10-15,61100,61400,60100,61000,22715239,0.00328947368
2024-10-16,59400,60000,59200,59500,23303268,-0.0245901639
2024-10-17,59400,60100,59100,59700,23372873,0.00336134454
2024-10-18,59900,60100,59100,59200,14420260,-0.00837520938
2024-10-21,59000,59600,58500,59000,18514905,-0.00337837838
2024-10-22,58800,58900,57700,57700,27582527,-0.0220338983
2024-10-23,57500,60000,57100,59100,27300780,0.0242634315
2024-10-24,58200,58500,56600,56600,31499922,-0.0423011844
2024-10-25,56000,56900,55800,55900,25829315,-0.0123674912
2024-10-28,55700,58500,55700,58100,27775009,0.0393559928
2024-10-29,58000,59600,57300,59600,28369314,0.0258175559
2024-10-30,59100,59800,58600,59100,19838511,-0.00838926174
2024-10-31,58500,61200,58300,59200,35809196,0.00169204738
2024-11-01,59000,59600,58100,58300,19083180,-0.0152027027
2024-11-04,58600,59400,58400,58700,15586947,0.00686106346
2024-11-05,57800,58100,57200,57600,17484474,-0.0187393526
2024-11-06,57600,58000,56300,57300,22092218,-0.00520833333
2024-11-07,56900,58100,56800,57500,17043102,0.0034904014
2024-11-08,58000,58300,57000,57000,13877396,-0.00869565217
2024-11-11,56700,56800,55000,55000,29811326,-0.0350877193
2024-11-12,54600,54600,53000,53000,37962881,-0.0363636364
2024-11-13,52000,53000,50500,50600,52527995,-0.0452830189
2024-11-14,50200,51800,49900,49900,48510715,-0.0138339921
2024-11-15,50300,54200,50300,53500,46774485,0.0721442886
2024-11-18,57000,57500,55900,56700,48095234,0.0598130841
2024-11-19,56500,57500,55900,56300,31539632,-0.00705467372
2024-11-20,56100,56500,54800,55300,20864667,-0.0177619893
2024-11-21,54900,56900,54700,56400,19096850,0.0198915009
2024-11-22,56000,56700,55900,56000,15281543,-0.00709219858
2024-11-25,57400,57900,56700,57900,36237325,0.0339285714
2024-11-26,57900,58900,57500,58300,23209405,0.00690846287
2024-11-27,57700,57800,56000,56300,21808387,-0.0343053173
2024-11-28,56000,56400,55200,55500,20001134,-0.0142095915
2024-11-29,55100,55300,53800,54200,24513531,-0.0234234234
2024-12-02,54300,54400,53100,53600,22044867,-0.0110701107
2024-12-03,53100,54400,53100,53600,23374603,0
2024-12-04,52000,53400,52000,53100,29004766,-0.00932835821
2024-12-05,53200,54400,53200,53700,23588277,0.011299435
2024-12-06,53900,54400,52700,54100,22861874,0.00744878957
2024-12-09,53500,54600,53200,53400,26227680,-0.0129390018
2024-12-10,54500,54500,53700,54000,20783970,0.0112359551
2024-12-11,53600,54200,53400,54000,14565947,0
2024-12-12,54000,56500,53900,55900,33476698,0.0351851852
2024-12-13,55800,56300,55500,56100,15908823,0.00357781753
2024-12-16,56300,56600,55200,55600,15277277,-0.00891265597
2024-12-17,54700,55200,54000,54200,20215230,-0.0251798561
2024-12-18,54100,55400,54000,54900,13698937,0.0129151292
2024-12-19,53500,53800,53100,53100,22481925,-0.0327868852
2024-12-20,52700,53100,51900,53000,24674774,-0.00188323917
2024-12-23,53400,54000,53300,53500,13672650,0.00943396226
2024-12-24,53700,54500,53600,54400,11634677,0.0168224299
2024-12-26,54500,54600,53500,53600,10517075,-0.0147058824
2024-12-27,53500,54100,53200,53700,10747196,0.00186567164
2024-12-30,53300,54000,53100,53200,12624702,-0.00931098696
